	A	R	N	D	C	Q	E	G	H	I	L	K	M	F	P	S	T	W	Y	V
A	6	-6	-4	-5	-4	-3	-3	-4	-4	-4	-4	-5	-2	-5	-3	-1	-1	-7	-4	-3
R	-6	6	-4	-6	-8	-3	-3	-8	-4	-8	-8	-1	-6	-8	-7	-5	-5	-8	-5	-7
N	-4	-4	6	-1	-4	-2	-1	-6	6	-8	-8	-3	-6	-8	-4	-3	-4	-8	-4	-7
D	-5	-6	-1	6	-4	-3	-2	-6	-1	-9	-8	-5	-6	-8	-4	-3	-5	-8	-5	-8
C	-4	-8	-4	-4	6	-5	-5	-6	-4	-7	-7	-7	-5	-7	-3	-3	-5	-7	-5	-6
Q	-3	-3	-2	-3	-5	6	-1	-6	-2	-6	-6	-2	-4	-7	-4	-2	-2	-7	-4	-5
E	-3	-3	-1	-2	-5	-1	6	-5	-1	-7	-7	-3	-5	-8	-4	-2	-3	-8	-4	-6
G	-4	-8	-6	-6	-6	-6	-5	6	-7	-7	-7	-7	-6	-9	-7	-3	-3	-11	-8	-5
H	-4	-4	6	-1	-4	-2	-1	-7	6	-7	-7	-4	-5	-7	-3	-3	-4	-7	-3	-7
I	-4	-8	-8	-9	-7	-6	-7	-7	-7	6	6	-8	-2	-3	-5	-6	-5	-5	-5	-1
L	-4	-8	-8	-8	-7	-6	-7	-7	-7	6	6	-7	-1	-2	-4	-6	-5	-5	-4	-2
K	-5	-1	-3	-5	-7	-2	-3	-7	-4	-8	-7	6	-6	-8	-6	-4	-4	-8	-5	-7
M	-2	-6	-6	-6	-5	-4	-5	-6	-5	-2	-1	-6	6	-3	-3	-4	-3	-4	-2	-2
F	-5	-8	-8	-8	-7	-7	-8	-9	-7	-3	-2	-8	-3	6	-4	-7	-7	-2	-3	-4
P	-3	-7	-4	-4	-3	-4	-4	-7	-3	-5	-4	-6	-3	-4	6	-4	-5	-4	-2	-5
S	-1	-5	-3	-3	-3	-2	-2	-3	-3	-6	-6	-4	-4	-7	-4	6	-2	-8	-5	-5
T	-1	-5	-4	-5	-5	-2	-3	-3	-4	-5	-5	-4	-3	-7	-5	-2	6	-8	-5	-3
W	-7	-8	-8	-8	-7	-7	-8	-11	-7	-5	-5	-8	-4	-2	-4	-8	-8	6	-3	-6
Y	-4	-5	-4	-5	-5	-4	-4	-8	-3	-5	-4	-5	-2	-3	-2	-5	-5	-3	6	-5
V	-3	-7	-7	-8	-6	-5	-6	-5	-7	-1	-2	-7	-2	-4	-5	-5	-3	-6	-5	6